,train-rmse-mean,train-rmse-std,test-rmse-mean,test-rmse-std
0,26.6049534,0.1842300206172708,26.599336,0.7425809407392571
1,26.3497676,0.1835974809049409,26.345627200000003,0.7432658960343598
2,26.0967736,0.18109430449420574,26.092346599999996,0.7438266832513075
3,25.847502400000003,0.17972023240648224,25.844254,0.7454531310941018
4,25.5988292,0.17885923394938244,25.596951999999998,0.7467247380359108
5,25.353676199999995,0.17663278130675591,25.352385,0.7469023434495301
6,25.1094052,0.17469843757561254,25.108088000000002,0.7480824815018725
7,24.8685174,0.17266548342920182,24.8685512,0.7492195098584653
8,24.6307056,0.17076511930789579,24.630337,0.7492824677935546
9,24.3949342,0.1688351895291975,24.3943734,0.7503530747360473
10,24.162547,0.1675316211119571,24.162856,0.751983193508472
11,23.9312194,0.1667246267191508,23.9328422,0.7536487175695052
12,23.7021232,0.16381146288144866,23.7034786,0.7563611766249234
13,23.476108200000002,0.16167235263136404,23.478214199999996,0.7562269472509962
14,23.25138,0.16176877042494847,23.2537468,0.7581180465253159
15,23.0302256,0.16037222587792527,23.0322192,0.7588737189718457
16,22.8104076,0.1593413456810258,22.814095000000002,0.7595105521531614
17,22.5933676,0.1575621415678269,22.5977234,0.7594555938232594
18,22.3774346,0.15672707230545652,22.3831416,0.7585923144281385
19,22.165523,0.15559986193952685,22.1698428,0.7599512003181258
20,21.954919800000003,0.15528007545258413,21.9604658,0.7591116322951191
21,21.7463824,0.15392557095115827,21.752651,0.758935981680932
22,21.5392436,0.1531621630933698,21.5445178,0.7599192073452015
23,21.334937,0.1528388887462877,21.3415234,0.7583770690814964
24,21.132983799999998,0.15210174468874532,21.1405192,0.7584865804654422
25,20.932387600000002,0.15042248002556036,20.942783,0.7591195667932686
26,20.7347754,0.14955128492607442,20.7456206,0.7600558617782242
27,20.5381844,0.14986257837178665,20.5496924,0.7610917300377399
28,20.3442054,0.14884206128053995,20.3573072,0.7636316682145651
29,20.151880400000003,0.14834209869433568,20.165836399999996,0.7620346925684154
30,19.9607728,0.1463680835720681,19.976045399999997,0.7612683484371591
31,19.772436799999998,0.1444553873462668,19.788693799999997,0.7624426135006874
32,19.586407400000002,0.1433937452661028,19.602686,0.7614509647316757
33,19.4017406,0.14295769334680727,19.4170842,0.7616120421908784
34,19.2183156,0.14259474843429534,19.234416200000002,0.7628416422766666
35,19.037397,0.14171440241132874,19.054020400000002,0.7646316582950514
36,18.8603662,0.14067724622752628,18.8765718,0.764817465174377
37,18.683146800000003,0.14052554924624977,18.700736999999997,0.7666341999754502
38,18.50911,0.1388005784843848,18.527247,0.7682586230683005
39,18.3361432,0.1377765858154431,18.354053999999998,0.7687479556569896
40,18.164555999999997,0.13778388670087585,18.18363,0.7682342911255654
41,17.99396,0.13579853103329115,18.0111918,0.7693772398381431
42,17.8267418,0.1352223945319709,17.8447074,0.7684962551337777
43,17.6601372,0.1338966622248671,17.677434799999997,0.7692979157763004
44,17.495086399999998,0.13262446709653578,17.512522,0.7705610116072578
45,17.330685600000002,0.13219088198752516,17.348162,0.7691051603514298
46,17.169708800000002,0.13124472661924347,17.188391199999998,0.7691246385678725
47,17.010360400000003,0.1303407366476035,17.0304638,0.7713422538410301
48,16.8525256,0.12993373380088732,16.874595000000003,0.7721178272015224
49,16.6957256,0.1280833785900416,16.7168488,0.7736511339484745
50,16.5396866,0.12746816063566632,16.561068600000002,0.7752143990276757
51,16.387206400000004,0.12613068329569965,16.4086384,0.7753519082196425
52,16.236258999999997,0.1262330145516624,16.258158400000003,0.7763399887455498
53,16.0863666,0.12462036039042736,16.1072094,0.7778582516578711
54,15.937515999999999,0.12359782298082704,15.960431599999998,0.780361637606976
55,15.7889086,0.12289961015820998,15.812604600000004,0.7829766654470875
56,15.643918600000001,0.12382703779159059,15.6694522,0.7827897840670632
57,15.499176,0.12335593723043888,15.525866200000001,0.7825587731646487
58,15.35597,0.12262307771051913,15.382470999999999,0.7835663215463001
59,15.2140876,0.12149967370919112,15.240941600000003,0.7830581232216668
60,15.073622600000002,0.1202118647615117,15.1024026,0.7845931360700531
61,14.9343388,0.1197040367563267,14.963654400000001,0.7867939195824024
62,14.7985532,0.11887463760348513,14.829701199999999,0.7866954812806288
63,14.6623716,0.11779635511950282,14.696791199999998,0.7877760525571718
64,14.528917799999999,0.116293595726334,14.561643799999999,0.7897626034062134
65,14.3959026,0.115882887538411,14.4303844,0.7924289992378115
66,14.263872000000001,0.11454072517493452,14.299837,0.7938113686537879
67,14.132634199999998,0.1140711766195124,14.1697688,0.7942382093395909
68,14.004152199999998,0.11349250519994702,14.0443342,0.7921621598302713
69,13.8761402,0.11305095937921068,13.9172416,0.7912860863193795
70,13.751094599999998,0.11379049295543074,13.794451,0.7893391200843908
71,13.626270199999999,0.11338569276659194,13.6704386,0.7881424277582318
72,13.503139200000001,0.11246060556372638,13.5484226,0.7899816243173262
73,13.3811986,0.11213300254001989,13.429670800000002,0.7892833004880819
74,13.259523000000002,0.11097756592573085,13.309312199999999,0.7872676340837086
75,13.1390696,0.1114622496248844,13.189085599999999,0.7862234267282046
76,13.020605,0.11175312730299754,13.073111800000001,0.7877370588000545
77,12.9041054,0.11094921554585245,12.9554664,0.7889320158816227
78,12.7874736,0.11060325118657253,12.8398128,0.7899606094947774
79,12.6711972,0.10985946576858989,12.72468,0.7925671366886212
80,12.5566472,0.10897147938869141,12.6121568,0.7940522297756996
81,12.4438204,0.10755070220988805,12.5018684,0.7948650511060604
82,12.3318884,0.10577770322445097,12.3921644,0.795375789777285
83,12.2212566,0.10541247875389338,12.2850742,0.7969984055957451
84,12.111708199999999,0.10557473567743403,12.1783102,0.7953164390674692
85,12.0032928,0.1047830030842789,12.0732138,0.7947571274369046
86,11.894561600000001,0.10371920723106177,11.966935,0.7965476751353935
87,11.787160400000001,0.10251188231731956,11.8623986,0.7984769169043273
88,11.681314599999999,0.10289581825438765,11.757332,0.7996970482138847
89,11.5765262,0.10225049051305339,11.654883600000002,0.8012141784957629
90,11.4728274,0.10257705688232614,11.551334999999998,0.8030383763340329
91,11.3717162,0.10162827238795302,11.4530536,0.8040295918491062
92,11.2691486,0.10133309573204649,11.351180199999998,0.8029688253927172
93,11.168401199999998,0.10176871091529031,11.2516302,0.8021994959318788
94,11.069009000000001,0.1010761012148765,11.156276600000002,0.8044724125976228
95,10.9706862,0.10060125219578536,11.060027,0.8053231873199731
96,10.8734944,0.09971143107708372,10.967401,0.8049498195112538
97,10.777190999999998,0.09934642413292975,10.873694,0.8047833076126767
98,10.6829018,0.10017710932024305,10.780539200000002,0.8044880830822542
99,10.5888314,0.09981038730232424,10.688672799999999,0.8063252033214391
100,10.4960252,0.09827506595754616,10.5934586,0.8081037813923654
101,10.4033972,0.09793727243577875,10.502536199999998,0.8075442243340979
102,10.3126166,0.09663587886204598,10.4145638,0.8087886331195314
103,10.2216148,0.09598127260127354,10.3235704,0.8091705032366417
104,10.131803000000001,0.09641617174105185,10.236441600000001,0.8085673601259453
105,10.043362000000002,0.09557195495960086,10.14838,0.808056294042191
106,9.9550734,0.09539964347438612,10.0604226,0.8079534298999168
107,9.867797200000002,0.0948326954323244,9.9749778,0.8085361073934547
108,9.7804978,0.09307823413537646,9.8917564,0.8087766072219446
109,9.6948628,0.0926370181609921,9.807771599999999,0.8081853437237276
110,9.610249200000002,0.09316288820640982,9.726087,0.8081758062899432
111,9.5268446,0.09229263624710268,9.6451,0.8066071117286281
112,9.4435078,0.0918322428026234,9.566120399999999,0.805200633219721
113,9.3627076,0.09138157626699145,9.4857514,0.806445718183834
114,9.280586,0.09056338900902533,9.407964,0.8067258013915264
115,9.199994199999999,0.09020326603488385,9.329429000000001,0.8075598521967273
116,9.1209904,0.08881123056821084,9.2524292,0.8085962532669563
117,9.0430488,0.08956385150137319,9.1765704,0.8092138633233121
118,8.966099,0.08924451083624117,9.102505200000001,0.808287371375156
119,8.889305799999999,0.08972834391740432,9.027649,0.8081000383578757
120,8.8126268,0.08984816966727797,8.951037600000001,0.8074303741659961
121,8.7379698,0.08931235747509948,8.8775912,0.8064007765557771
122,8.6627824,0.08897470959458058,8.8039038,0.8048038409081805
123,8.5883586,0.08848794907466224,8.7323982,0.8042098213984706
124,8.515350199999999,0.08761258177545049,8.6635162,0.802019032393222
125,8.4438872,0.08680947211543233,8.595006,0.8011234907116378
126,8.371831799999999,0.08600246346332187,8.5266442,0.803196621342346
127,8.300807800000001,0.08581615343372119,8.4574124,0.8016809014376234
128,8.229764,0.08430591022460975,8.3886094,0.8036692765242678
129,8.160038,0.08379917801267521,8.321545799999999,0.8034940822331924
130,8.090960599999999,0.08261160508451587,8.2546634,0.8047773851809208
131,8.0223914,0.08178218395861056,8.1891114,0.8024678216947015
132,7.9541212,0.08110923231149451,8.1235288,0.8019819458430223
133,7.8874458,0.08123235201666869,8.059025199999999,0.8009757885864965
134,7.8217478,0.08009446608699013,7.9965248,0.7992586697837938
135,7.755285000000001,0.08016226948384146,7.9310149999999995,0.8003388868927963
136,7.6903958,0.08045137050019707,7.8694536,0.7985868333574251
137,7.6258892000000005,0.07867614819854891,7.8081514,0.7992777205579047
138,7.562327999999999,0.07880170964642841,7.744724,0.7984473840610916
139,7.497971,0.07882566389190765,7.6824076,0.7961117246524131
140,7.435736400000001,0.07844790943957643,7.622691399999999,0.7970947018678775
141,7.3738288,0.0774763307324242,7.562614999999999,0.7953989096122772
142,7.3126024,0.07646348608741299,7.5040918,0.795891004529741
143,7.252667,0.07580927340635847,7.4482876000000005,0.7938670208113197
144,7.1929204,0.0758571792794855,7.392087999999999,0.7926046683887243
145,7.1340498,0.07594538186460055,7.335919200000001,0.7909144655309827
146,7.0762286,0.07611006782968986,7.280954199999999,0.789574879616468
147,7.0184882,0.07522223650065189,7.2269358000000015,0.7885384443775459
148,6.9617606,0.0749504067009647,7.172900000000001,0.7863749362264796
149,6.9039062,0.07453430688052333,7.118907399999999,0.7846562431107263
150,6.847050000000001,0.07376071387127438,7.063473400000001,0.7842387914862663
151,6.7909178,0.07523315999318388,7.0103528,0.7822682760427909
152,6.736256599999999,0.07432222617656184,6.9580444,0.7810279747449765
153,6.6820596,0.0734939203978124,6.9084069999999995,0.7798855367377957
154,6.626391,0.07266485627316685,6.8563726,0.7789642423810221
155,6.5748587999999994,0.07175068297486778,6.807356400000001,0.7784537952635596
156,6.521258,0.0718503443526892,6.7573654,0.7771557040422722
157,6.4684724000000005,0.07190036360575663,6.7092182000000005,0.7730388663221016
158,6.4161014000000005,0.07063277127962622,6.661256400000001,0.7730019229022915
159,6.3659864,0.07026833175364293,6.614446600000001,0.7715357682665399
160,6.314976799999999,0.06949945553570913,6.5673176,0.769511050497548
161,6.264541599999999,0.06978274963226933,6.5225859999999996,0.7671311432155524
162,6.2136174,0.06922258204545668,6.4754818,0.7669578287231705
163,6.1644764,0.06864773104946746,6.4290876,0.7651227660619176
164,6.115626600000001,0.06876151598852363,6.3829376,0.7646899320970821
165,6.0671968000000005,0.06897584505723726,6.3342428,0.7630713310786614
166,6.019057599999999,0.06759443045577045,6.289685400000001,0.7626582295452137
167,5.9718728,0.06655970017781035,6.247553999999999,0.7623530272932614
168,5.924106199999999,0.06642012477976837,6.204093200000001,0.7601592407627235
169,5.8779742,0.06669345423173106,6.160937800000001,0.7583311384215736
170,5.830965999999999,0.06643654750210903,6.1183856,0.756075226300029
171,5.785152000000001,0.06698991493650383,6.0760618,0.7565448890392161
172,5.739473,0.06690790166490049,6.034458,0.755153807294117
173,5.6950576,0.0675304590672981,5.992831,0.7540813642579959
174,5.6504266,0.06730170831888291,5.952313800000001,0.7531831260583047
175,5.606913199999999,0.06774281091126948,5.913581799999999,0.7503679531020497
176,5.562659999999999,0.06709537602547579,5.8753282,0.7489167548632891
177,5.5201138,0.06698404505074318,5.835878200000001,0.7483375626540205
178,5.478002,0.06723461161336466,5.7976148,0.7477624960789087
179,5.4355496,0.06622032985601939,5.7587722,0.7462143823782547
180,5.3940606,0.06545917727133448,5.722565,0.7450765302235738
181,5.352734,0.06556574919575012,5.6860722,0.7433144715554515
182,5.3117274000000005,0.06467334542638124,5.6475686,0.7430179820791958
183,5.2710566,0.06515369417185803,5.6116566,0.7415058668349427
184,5.2308042,0.06492304399025067,5.5768186,0.7416631176140824
185,5.190652,0.0648518351351756,5.5428274,0.7392838777488929
186,5.1509444,0.06491155872292693,5.5059228,0.7372892873618604
187,5.1117722,0.06542519717173206,5.4703624,0.7353275545190999
188,5.0735564,0.06588297540214771,5.436552600000001,0.7356283808920372
189,5.0344656,0.06602123406783597,5.4025267999999995,0.7333370790533914
190,4.996868399999999,0.0660867666832024,5.3715926,0.7322549610406474
191,4.9591464,0.06525351829472513,5.338733800000001,0.7304105271747935
192,4.9210107999999995,0.0641247523890737,5.3043190000000005,0.7288538171779028
193,4.8839344,0.0630886243077151,5.271054,0.7264523062159002
194,4.846465,0.06371849680587255,5.2382516,0.7240620880694141
195,4.8102336,0.06360723118199685,5.2065898,0.7224482934232453
196,4.773133199999999,0.06308317549204384,5.1740218,0.7211922998006564
197,4.737610599999999,0.062432637495463884,5.1430212,0.7204259223704821
198,4.702268599999999,0.06217422570679904,5.1134622,0.7182921094631071
199,4.6671566,0.061822127276889995,5.0827024000000005,0.7153590990193948
200,4.6328536,0.06103246624084596,5.0526898000000005,0.7140326036996908
201,4.599549999999999,0.0610001864587316,5.026000600000001,0.712385044225551
202,4.5651648,0.0605398537110884,4.996355200000001,0.7108999185321097
203,4.5319112,0.06039113046598815,4.968891,0.7086430885544571
204,4.498908,0.060065892821134406,4.9416728,0.7079324505401347
205,4.4660694,0.05987483023975948,4.914403,0.7054154970951516
206,4.4333764,0.06029661443099429,4.885977,0.7024632608884254
207,4.4010382,0.0601718266280825,4.8559618,0.7022031380506355
208,4.369520400000001,0.059696759488602175,4.8301282,0.6994935857762814
209,4.338012600000001,0.059219947479206676,4.804684,0.698203872424953
210,4.3068828,0.05837406189533149,4.7791058,0.6955078703412062
211,4.274900000000001,0.058303039186649544,4.750651,0.6938924450437547
212,4.2449284,0.058411996927343876,4.725552200000001,0.6927609523367781
213,4.2146622,0.05786109870854515,4.7012456,0.6924157477188398
214,4.1845897999999995,0.058258167638194934,4.6784474,0.6915809271781865
215,4.154462199999999,0.0581678849173666,4.652665400000001,0.6887494405737403
216,4.126438,0.05791743681828488,4.6300316,0.6866728791704534
217,4.097160000000001,0.05806036424618782,4.605175600000001,0.6868113173597535
218,4.0679457999999995,0.05768819622557107,4.5828636000000005,0.6853027604697357
219,4.0391297999999995,0.05737471384991834,4.5588114,0.6834452350638199
220,4.011366399999999,0.05762758052391224,4.537154200000001,0.6816388198388939
221,3.9828103999999995,0.057581459941894585,4.514282199999999,0.6802241070815997
222,3.9550106,0.05642127048764491,4.4927898,0.6784682937138331
223,3.9274118000000002,0.0563277280862632,4.4725274,0.6777154848142691
224,3.8999037999999997,0.05642977627954938,4.4521832,0.6751940725620746
225,3.8723039999999997,0.0562090088259881,4.4308716,0.6716500902650427
226,3.8446376,0.055993669601482714,4.408622599999999,0.6689708585032982
227,3.8180229999999993,0.05444331455008967,4.3872782,0.666576835932483
228,3.7919912000000005,0.05490035256863111,4.366173400000001,0.6641242053895039
229,3.7658873999999996,0.0548393271570686,4.3465792,0.6614808565766359
230,3.7403388,0.05524401769748463,4.3273202,0.6611505829571356
231,3.7146465999999996,0.05560617372774352,4.3071074000000005,0.6576937345173968
232,3.6896852000000004,0.05532174335792392,4.2889228,0.6564044421636402
233,3.6651649999999996,0.0555203606616528,4.270063800000001,0.6543955238206937
234,3.6403258000000003,0.05624766334133365,4.2498512,0.6516691539765864
235,3.6151223999999997,0.056227033841738466,4.229856,0.6489073734501714
236,3.5912616,0.05605033497705431,4.2124136,0.6469575449670866
237,3.5672574,0.055613435145115866,4.1941644,0.645110869329172
238,3.5436908000000003,0.055574786449972165,4.1761512,0.6443185804570283
239,3.5186295999999997,0.05517596772001385,4.1581372000000005,0.6427970107526636
240,3.4948132000000003,0.05495627372156881,4.1398648,0.6415187227155261
241,3.4716549999999997,0.05519622285990218,4.1229226,0.6393909764444913
242,3.4492406000000004,0.054632492015649424,4.106904,0.6383528089660138
243,3.4263269999999997,0.05432964556114824,4.090851,0.6343520497171897
244,3.4040818,0.05521036285118942,4.0759304,0.6313198288774399
245,3.3813519999999997,0.055291582277956185,4.057448,0.6280070676841145
246,3.3592604,0.055684838215083375,4.0407384,0.624839876832329
247,3.3375376,0.05500273002897216,4.0244428,0.6228371793030343
248,3.3160134,0.054646877065757396,4.0105786,0.6210270625515769
249,3.2954023999999995,0.05386257646121283,3.9946846000000003,0.6207495106819175
250,3.2736118000000003,0.0539188424037461,3.9778022,0.619648913018138
251,3.2525017999999997,0.05324743785911205,3.9626453999999995,0.6173860138385385
252,3.2322128,0.05188740239942639,3.9499834,0.6154116797931608
253,3.2110358000000003,0.0515206980286565,3.93587,0.6142426836383158
254,3.1904778,0.0514867390049127,3.9224412,0.6111843789065294
255,3.1702349999999995,0.05082295818230175,3.907258,0.609111135677226
256,3.1502118,0.05130317480780306,3.8939918,0.6098143990282289
257,3.1310744,0.050487858400213345,3.8806275999999995,0.6087148433720342
258,3.1117117999999997,0.05102736372339846,3.8670186,0.6068753870624841
259,3.0934700000000004,0.051376908252638215,3.8538868,0.6050535000938017
260,3.0742106,0.051050064539038605,3.8407798,0.6034519781485185
261,3.0552064000000003,0.05077684717900481,3.8263942,0.6014145845805203
262,3.036379,0.04984448454543396,3.8130775999999997,0.5989812066185716
263,3.0168624,0.0502576313353505,3.7986472,0.5970179466553412
264,2.9982794000000004,0.05018182263170601,3.7852182000000005,0.5954790246913488
265,2.9794328,0.050359475523082974,3.7705136,0.5926526627496411
266,2.9611926,0.05031357061310592,3.7597578,0.5902960449958647
267,2.9433898,0.049683703869176296,3.7482124,0.5871643791527549
268,2.9257269999999997,0.04936838240412575,3.7381552,0.5848414209097711
269,2.907202,0.04993357893041518,3.7252658,0.5821322747817373
270,2.8902538,0.049974384339979694,3.7144965999999995,0.5805845154912762
271,2.8730154,0.05028678191572807,3.7039160000000004,0.5799536223244063
272,2.855836,0.05067170089507561,3.6929416,0.5771957065216614
273,2.8386512,0.05012732538007592,3.6807971999999998,0.5731536475715391
274,2.8229166,0.04950248623897595,3.669873,0.5717706257334315
275,2.8064106,0.049909478084227625,3.658067,0.5697331655169813
276,2.7898058000000003,0.04975765708069457,3.6483848,0.5674323110709858
277,2.7740958,0.05054848637654739,3.6376627999999998,0.5650533876509016
278,2.7583896,0.049823531820215254,3.6263121999999997,0.5631851359265087
279,2.7428496,0.04949419659960137,3.615642,0.5606302978316458
280,2.7261656,0.049495264305183743,3.604316,0.5581632635514453
281,2.7102859999999995,0.04993168796265565,3.5934566000000006,0.5570464269762798
282,2.69441,0.049353277398770566,3.5832934,0.5545793517002234
283,2.6793338,0.04852100352795673,3.5724474,0.5528456964099838
284,2.6644028000000004,0.04859987305909346,3.562737,0.551841593769444
285,2.6501264,0.047568983573753255,3.5534808,0.5485191702277687
286,2.6352016,0.04719367323953498,3.5430729999999997,0.5469187276994636
287,2.6206776,0.04682972573312809,3.5341093999999997,0.5438721052874839
288,2.6057318,0.046934775411841385,3.5251132000000007,0.5416527427595655
289,2.5907001999999997,0.046883281832226745,3.5161392,0.540425616969218
290,2.5763656,0.046948939253618864,3.5072,0.5386658473127844
291,2.5620956,0.046953954749733275,3.4989115999999996,0.5351560134385485
292,2.5485036,0.04687253708772327,3.4901129999999996,0.5327668489960689
293,2.5342972,0.047171464575100956,3.4816863999999996,0.5309650913973913
294,2.5203284000000004,0.046741114867319876,3.4729714,0.5288280876979211
295,2.5065701999999996,0.04654510828175176,3.4644174,0.527442034700914
296,2.4925378,0.04641879494945985,3.455018,0.5254663695198772
297,2.4787358,0.04639074177203909,3.4473987999999998,0.5225364058816954
298,2.4645848,0.04673215027537265,3.4391978,0.5208132170202286
299,2.4512774,0.04653407638107805,3.4303934,0.5197997592368044
300,2.437895,0.046805188943107624,3.4219754,0.5186013789262809
301,2.424542,0.0472516194304491,3.4154238,0.5175229432894354
302,2.4109956000000006,0.04710242869152285,3.4078146000000005,0.5160974097244047
303,2.3982107999999998,0.04750602020544353,3.401999,0.5134579227286301
304,2.3859726,0.04743984268776613,3.3963012,0.5107168900670506
305,2.3733796000000003,0.04681959224341877,3.389315,0.5082117436380235
306,2.3608781999999997,0.04687804031910892,3.3815939999999998,0.5060880042344416
307,2.348233,0.047501429927950596,3.3742145999999997,0.5049090618084012
308,2.3361408,0.04696174537812678,3.3662396,0.5038060064753496
309,2.3248932,0.04698225526047041,3.3590226000000003,0.5023891825087797
310,2.3130697999999996,0.0468675584872948,3.3518928000000003,0.501393264552048
311,2.3012021999999996,0.04645749426045273,3.3443826000000003,0.4980986772171153
312,2.289949,0.04613969623220332,3.3388076,0.49587877611634074
313,2.2782478,0.046675396239989154,3.3333904000000003,0.49498500200697004
314,2.2669900000000003,0.04690997884459125,3.3281115999999997,0.492325897956059
315,2.2550684000000003,0.0471179511252347,3.3225232,0.49118774327028963
316,2.243597,0.046125345982442216,3.3168944000000002,0.49048367543297516
317,2.2323832,0.04631837525388833,3.3111007999999997,0.4892021745145456
318,2.2217767999999998,0.04672945061692897,3.3047033999999997,0.48519427662518866
319,2.2108352,0.04704988517903109,3.2997346,0.48327296462500363
320,2.1993912,0.04681349708534928,3.2942342000000004,0.48163349560569396
321,2.1883664,0.04666195923704881,3.2883178,0.48031509494972147
322,2.1775081999999997,0.04722560977859371,3.2837711999999994,0.47923543867264234
323,2.1676995999999997,0.04708643890378626,3.2794274000000003,0.4777955436257648
324,2.1570368,0.046914775179680915,3.2734526,0.47581715107826866
325,2.1471494,0.047428010983384145,3.2673134,0.4753583477557116
326,2.1368296,0.04734807296015332,3.2614993999999995,0.47313037413660103
327,2.1261198,0.04815057203980026,3.2564348,0.47120328167167946
328,2.115437,0.048364641278520845,3.2509974,0.4686782045295472
329,2.1058478000000003,0.048148543659803505,3.246024,0.46644598979646057
330,2.0964844,0.048766795435418966,3.2425496000000003,0.4653473464377334
331,2.0863579999999997,0.04864663241376529,3.2368822,0.4632865718746443
332,2.076754,0.04846904400130043,3.2322384,0.4615706719793187
333,2.0667940000000002,0.048196101834069464,3.2265194,0.45999730990369936
334,2.057556,0.04813689520523736,3.2232872,0.45812312915608183
335,2.0479442,0.047643038145777326,3.2179589999999996,0.45541786454903155
336,2.038134,0.047909413901654097,3.2140136,0.4540215549189708
337,2.0285522,0.0481041576722844,3.209717200000001,0.4516248470300987
338,2.0192636000000004,0.047671771607944294,3.2039656,0.4493817613048397
339,2.0106235999999997,0.04769684025006265,3.1996258,0.4486019996047276
340,2.0009974,0.047747456060401865,3.1957210000000003,0.4464740742650126
341,1.9924008,0.04793802692810794,3.1915188,0.443752377344122
342,1.9833732000000002,0.04753189177131496,3.1871766,0.44228608365382704
343,1.9744716,0.04782023956694484,3.1835448,0.4411484402780542
344,1.9656707999999998,0.04786108641641967,3.1804676000000005,0.4407368790199431
345,1.9565714,0.04779079470609376,3.1758940000000004,0.43902815972645776
346,1.9474708,0.04767726964246169,3.1729384,0.4376694934534962
347,1.9386976,0.04776480659062692,3.1692742000000003,0.4373850692428356
348,1.929577,0.048050836800205644,3.1653522,0.43652666306350635
349,1.9214601999999998,0.04785760180535585,3.1623416,0.43507011065601825
350,1.9134518,0.047475748383358884,3.1589342,0.43444127493984724
351,1.9054374000000003,0.04744839681843851,3.15502,0.4336058708537051
352,1.8972282,0.047067860909117167,3.1507751999999996,0.43101715184451767
353,1.8890868,0.04722163361172503,3.1474458,0.43037808430513746
354,1.8817694,0.046100784004613246,3.1445266,0.42787961349734815
355,1.8737254,0.046047425559307874,3.1408416,0.42629631544670893
356,1.8661269999999999,0.04628369439878368,3.1381445999999995,0.4254650276192393
357,1.8583374,0.046470439707840115,3.1350971999999997,0.4232332720552108
358,1.850872,0.04653848685120737,3.1316492,0.4216433196033823
359,1.8431732,0.046616989441189735,3.1279182,0.42124256267352667
360,1.8354442,0.04678091248532889,3.1242088000000003,0.41698800197722724
361,1.8279315999999999,0.04693136253125405,3.121048,0.41635731755548633
362,1.820312,0.04632216901225588,3.1172186,0.41519932214906125
363,1.8128216000000001,0.046690452919627944,3.1147895999999995,0.41330363625818733
364,1.8054409999999996,0.04696370800948323,3.1108447999999997,0.4110570859087092
365,1.7981431999999997,0.04674275507241738,3.1077084,0.4095781864502064
366,1.7908966,0.046902333211046164,3.1056036,0.4087827346963666
367,1.7838661999999998,0.047518169170960294,3.1033074000000003,0.4061808236672923
368,1.7770039999999998,0.047624687690314554,3.100915,0.4044117089931991
369,1.770307,0.04778497551323008,3.099056,0.40249338188248523
370,1.7630203999999998,0.047622180179408,3.0962064000000002,0.4009855455891646
371,1.7565566000000001,0.047592765856167674,3.0929668,0.3996961892850117
372,1.7493159999999999,0.04777093311627894,3.0893416,0.3989346034515431
373,1.7431252000000002,0.04776593874467455,3.0867832,0.39744426603658534
374,1.7363968,0.04767024505663886,3.084172,0.39630597564861425
375,1.7293078000000002,0.047581506640290434,3.081928,0.3946796650566127
376,1.7231956,0.04819453050129236,3.0789886,0.3934785538717961
377,1.7168480000000002,0.04788214208240902,3.076276,0.39296399113404784
378,1.7101169999999999,0.048501412692827844,3.0735004,0.3926461271672497
379,1.7035594,0.04949926374644372,3.0714075999999997,0.39174323557585516
380,1.6966124,0.04980087036428177,3.0683071999999996,0.3899284839015482
381,1.6907312,0.04969925089737269,3.0660266,0.38859562978993994
382,1.6843103999999998,0.04956832791450608,3.0641786,0.38627112436867445
383,1.6777604,0.049692193626765975,3.0622979999999997,0.38505524810032127
384,1.6718172,0.04926855318923014,3.0589908,0.3838613954496597
385,1.6663762000000002,0.04953827838914066,3.0570288000000003,0.38212285847271693
386,1.6604136,0.04986261100504062,3.0554959999999998,0.38087894706953823
387,1.6546148000000003,0.049965898000136046,3.0527816000000003,0.3791065026868307
388,1.648869,0.04982623488484755,3.0511985999999998,0.3779120177954652
389,1.643027,0.05092942921337328,3.0492453999999998,0.37561958092815134
390,1.6372271999999999,0.051343431378901856,3.0477154,0.3750520096832437
391,1.6311994000000003,0.05154039361355322,3.0464130000000003,0.3736202317760643
392,1.6257654000000001,0.05193439307279906,3.0439946,0.37293667255854573
393,1.6199100000000002,0.05231584190281182,3.0423944,0.37186596506085373
394,1.6136275999999998,0.051904269961536006,3.0409584,0.37214967866201365
395,1.6083972,0.05207948796368873,3.0403710000000004,0.3712227971033029
396,1.6027276000000001,0.05263641486879594,3.0388312,0.37025485954482745
397,1.5963087999999999,0.052479653315928104,3.0358691999999996,0.36985443343531793
398,1.5911452000000001,0.052022976609955744,3.0338453999999997,0.36815427257094274
399,1.5859356,0.052220391253225994,3.0310598,0.36775904806837867
400,1.5802368,0.052443421327750914,3.0296398,0.36683121914875255
401,1.5752254,0.05294863485152378,3.0281276,0.36626818673567596
402,1.5697464,0.053285914351167835,3.025991,0.3664299551794313
403,1.5652262000000001,0.05259231487356304,3.0245832,0.3649290696704773
404,1.5602664000000002,0.05254028349980609,3.0234262000000003,0.3641335927998952
405,1.5543552,0.05224970438729768,3.021633,0.3638539852495778
406,1.5490154,0.05219367560385073,3.0196652000000004,0.3629258981006453
407,1.5440104,0.052490729111339285,3.0177534,0.3616778524784729
408,1.5387168,0.05278963215405079,3.0165946,0.3600212882397929
409,1.533489,0.052581934700046976,3.0151412000000004,0.3599064040888408
410,1.5289069999999998,0.05275626917817443,3.0136069999999995,0.3587587399481719
411,1.5240529999999999,0.05294384051426566,3.0125818,0.35735347802387485
412,1.5193860000000001,0.052804142220094795,3.0107749999999998,0.356536738899654
413,1.5150344,0.05275409456563533,3.0096342000000003,0.355199927376344
414,1.5105624,0.05315740628209763,3.0094932,0.35404329942276835
415,1.5062174000000002,0.053137178429419805,3.0079998,0.35305769314966085
416,1.5014987999999998,0.05308361046650838,3.0070930000000002,0.35232213594947454
417,1.4966566000000001,0.053304071246387925,3.005849,0.35133015662934486
418,1.4923096,0.05356724723410754,3.0047288,0.35054140202287093
419,1.4881902,0.05387720966197121,3.0043382000000003,0.350554609041958
420,1.4828578000000001,0.054158361416867126,3.00303,0.3496168913150507
421,1.4784576,0.054436657566753664,3.0010132,0.348330846268544
422,1.473705,0.05491839879311855,2.9990974,0.34710139584196426
423,1.4695204,0.054979808233932566,2.9975788000000003,0.34627707287800624
424,1.4650954,0.0548192647838331,2.9965838,0.34474981805790705
425,1.4608216,0.0554107591379147,2.996418,0.34409948178397487
426,1.4567714,0.055056604975606674,2.9951568,0.34263709706591905
427,1.4520094000000001,0.055197242734035146,2.9937470000000004,0.3423800027028448
428,1.4475729999999998,0.0553765554508404,2.9933210000000003,0.3419115764188162
429,1.4436822,0.05560776857022765,2.9916204,0.3416185886473979
430,1.4389864,0.05529888148452917,2.989594,0.3411660020218897
431,1.4350834000000001,0.05498365844721507,2.9872553999999996,0.34076368770900456
432,1.4315506,0.054716929261792446,2.9854513999999996,0.3404786364132705
433,1.4277925999999999,0.054725489379630066,2.9853656,0.3396622806639559
434,1.4238778,0.054979200435801165,2.9840902,0.33867765696921903
435,1.4197712,0.05480102956113138,2.9841658,0.33712796249637916
436,1.4161874,0.05486192491190955,2.9834332000000003,0.3363607622029657
437,1.4124178,0.054851474865859354,2.9824200000000003,0.33492020575832687
438,1.4089692,0.054753926655172445,2.9809134000000004,0.33468118331905056
439,1.4046678,0.05510313201044024,2.9800064,0.334349857997637
440,1.4009083999999998,0.05583691829103755,2.978805,0.3328540978332698
441,1.3970228,0.05600301825937596,2.9784096,0.3327428978407202
442,1.3934512,0.055663729790232326,2.9776906,0.3318496099552326
443,1.3897089999999999,0.05549029772131339,2.9767439999999996,0.3308790858340853
444,1.3861764,0.055728522982759925,2.9750110000000003,0.3289732985049089
445,1.3825721999999998,0.055372457483481824,2.9739250000000004,0.3285857080769035
446,1.3790041999999998,0.05572562872646662,2.9729152,0.3267636954096338
447,1.3752407999999998,0.05541036542886174,2.9723174,0.3258240070704429
448,1.37199,0.05540044628340096,2.9711022,0.32515054500793933
449,1.3688309999999997,0.055812549208936836,2.9697754000000005,0.32367005982549574
450,1.3650446,0.05604759658932748,2.9690066,0.32284178122516916
451,1.3614966,0.05565002935704527,2.9672368,0.3221084717025617
452,1.3578215999999999,0.0559064215867909,2.9662864,0.3211435250324067
453,1.3545184000000001,0.05625309102831601,2.9654485999999998,0.32047989932449744
454,1.3512916000000001,0.056233709767718514,2.965001,0.32089587252939233
455,1.347812,0.0565717231556544,2.9637198,0.32023836694899627
456,1.3447369999999998,0.05649335145660948,2.9618135999999997,0.32004648571518474
457,1.3418366,0.05635717986769745,2.9611416,0.31902378617438537
458,1.3384188000000001,0.055976079296070715,2.9596384,0.31916880519161017
459,1.33493,0.055900594236555246,2.9579958,0.31864223011484216
460,1.3319320000000001,0.05597573292061479,2.9574049999999996,0.3182518018582141
461,1.3283712,0.055533831704286364,2.9563118,0.3174306697793394
462,1.3249543999999998,0.05587833264727933,2.9559246,0.3165978406733691
463,1.3214229999999998,0.056032567444299755,2.955431,0.31657538376885846
464,1.3179078,0.05635673890991212,2.9548668,0.31643051080539003
465,1.3148621999999999,0.05636125791853832,2.9543665999999997,0.31633113280712666
466,1.3119078,0.056134202256378454,2.9536352,0.3159803622622141
467,1.3088114000000002,0.05581450795483198,2.9528218,0.3150017821825139
468,1.305579,0.055486942752326865,2.9512282,0.3146696248832415
469,1.3023376,0.05576051388070232,2.9502091999999998,0.31423568592468937
470,1.299371,0.05589177832203942,2.9492368,0.3141212204028247
471,1.2960538,0.0555962368417144,2.9482749999999998,0.3136467660187174
472,1.2930408,0.05585174026438211,2.9478210000000002,0.3130658597017566
473,1.289473,0.055673805650413376,2.9465706000000003,0.31273731437908076
474,1.2864954,0.05554879723846413,2.9459842,0.3126352808429657
475,1.2836032,0.05554416158481463,2.9447964,0.31255420716195775
476,1.2806583999999996,0.05568869397139783,2.9444374000000004,0.3126663628052113
477,1.2779864,0.055493277728387955,2.9434412,0.31273793575158093
478,1.2749996,0.05525374372329893,2.9431766,0.3127189538141876
479,1.2720302,0.05512701887241866,2.9427258000000003,0.3116235450317579
480,1.269428,0.05497371741841737,2.942123,0.3114961939176785
481,1.2666499999999998,0.05455216328249504,2.9422492,0.3114570697906214
482,1.2639684,0.05409833268262523,2.9420338,0.3118504612902793
483,1.2612587999999998,0.05423398972378852,2.9412152,0.3116879320130313
484,1.2584048,0.05463571821217325,2.9404980000000003,0.3113245907968081
485,1.2553448,0.054615723224727145,2.9398723999999996,0.31139914492920495
486,1.252659,0.0544393590594158,2.9393331999999996,0.31114800197680853
487,1.250291,0.054396893723814774,2.938832,0.3113408419176642
488,1.247635,0.054662972626815694,2.937595,0.3106589638011432
489,1.2447384,0.05476074149461452,2.9371482,0.31068063387047484
490,1.2423246000000001,0.05507317514943183,2.9365942,0.3100897665498816
491,1.2392636,0.05505979634397497,2.9358014,0.30951393997983356
492,1.2366068,0.05529722031133209,2.9354156,0.3098085514504724
493,1.233577,0.05525386353188341,2.9348558,0.3101702788904185
494,1.2309322000000003,0.05574780715472133,2.9351838,0.3106181825659277
495,1.2281682,0.055806338240024275,2.9344476,0.3105329019776165
496,1.2256622,0.05582035965272886,2.9337896000000003,0.3100406533444285
497,1.2234818,0.05546164415666019,2.9328466000000004,0.3097709593364749
498,1.2209214,0.05497215134447626,2.9327872,0.30959420240204755
499,1.2182086,0.05477811442757043,2.9325959999999998,0.31023170222786717
500,1.2155062,0.05451581509030203,2.9314338,0.3103525054310985
501,1.2128862000000002,0.054801409519828974,2.9306967999999998,0.3099900246094381
502,1.2103088,0.05429873539006227,2.9299008,0.30963030757430704
503,1.2079411999999998,0.054953445622271925,2.9285892000000002,0.3084542108679343
504,1.2052562,0.05505146724802165,2.928159,0.3087244435077987
505,1.2021724,0.05489699958868424,2.9280654,0.30800539098308
506,1.1997099999999998,0.05525834684823639,2.928325,0.3074503957115684
507,1.1975472,0.05540805353881331,2.9277156,0.3076501961667504
508,1.1949268,0.05517666028095576,2.927194,0.30696362046405423
509,1.1924873999999996,0.0554262113971359,2.9264128,0.30652861789947117
510,1.1899121999999998,0.055258351138628814,2.925974,0.3061633893802458
511,1.1879352,0.05509689811377768,2.9253238,0.3058014753649171
512,1.1853672,0.05505389896601331,2.925128,0.30580043506051463
513,1.182852,0.05475545102727219,2.9244984,0.30635847597061844
514,1.1805348000000002,0.05481794816809547,2.9247756,0.30642483796428777
515,1.1784914,0.054577014068561844,2.9237602,0.30600105278930007
516,1.1761226,0.0545849288745529,2.9237884000000003,0.3056869438295328
517,1.1738232,0.05486889452285327,2.9233368,0.30563613036642134
518,1.1718218,0.0550946450043922,2.9227244000000003,0.30555584694690435
519,1.1696507999999999,0.05479532495167808,2.9228566000000002,0.30577401122502224
520,1.167756,0.05487908513450274,2.9222960000000002,0.30599321145737857
521,1.1656638,0.05493739498156064,2.9208786,0.3056580348602668
522,1.1632486,0.054517972407638206,2.9202386,0.30560493699716296
523,1.1612774,0.05471303972034453,2.9204196,0.3052083731017876
524,1.1591386,0.054845352421513345,2.9202351999999996,0.3041759656208229
525,1.1564640000000002,0.05460424948664715,2.9195978,0.30360507320359453
526,1.154614,0.05452642163575385,2.9187626,0.3026741578573235
527,1.1522218,0.054378226872159076,2.917918,0.303150854499208
528,1.149813,0.0546463885211091,2.9176684000000006,0.3031334936377701
529,1.147976,0.054492140647987006,2.9175573999999997,0.3031177889425827
530,1.1458362000000002,0.054771939580044025,2.9173362000000003,0.3036443725540786
531,1.1434845999999999,0.054476282037598696,2.9170591999999997,0.3036077414450428
532,1.1410282,0.05435213711860833,2.9171810000000002,0.3036499299364319
533,1.1388254,0.05418554568369689,2.9169706,0.303538238404719
534,1.1366948,0.054183875481179776,2.9159417999999997,0.30358939447246835
535,1.1343674,0.054377973546648445,2.9152742,0.3039448933391709
536,1.1322463999999999,0.05464763061871942,2.9141792,0.3032797341138375
537,1.1302341999999999,0.054635205336486074,2.9136072,0.3034032262144883
538,1.1281078,0.054630245093354665,2.9130084,0.30419936493069816
539,1.1259714,0.05452236841003882,2.9120438,0.30420193899605563
540,1.1237194,0.054446927371891246,2.9113409999999997,0.30424572548517415
541,1.1219303999999999,0.05454185739998226,2.9106144,0.3038562003445709
542,1.1196712,0.05464967288246105,2.9107744,0.3039721744769413
543,1.1177922,0.05436788704888204,2.9099622,0.30435773190007837
544,1.1155556,0.054162847549219566,2.9100817999999995,0.3044141596531935
545,1.1134825999999998,0.05384683392586791,2.9096266,0.30403170393010004
546,1.1116962000000001,0.05399947352113721,2.90929,0.30376549264193925
547,1.1097166,0.054174887557243735,2.908786,0.30348471520259457
548,1.1074668,0.05453986179080401,2.9087484,0.3039101799634886
549,1.1056616,0.05455584217148517,2.9082554000000003,0.3036909747717901
550,1.1037468,0.054415247566835516,2.907668,0.30355912354926834
551,1.1022068,0.05439313189512069,2.907309,0.3036457895054697
552,1.1002838000000001,0.05468337208109973,2.9068062,0.30336769260908447
553,1.0981304,0.05501124173693957,2.9061688000000006,0.3037514945012782
554,1.0964606,0.054973318624947524,2.9057682000000002,0.3034525988825273
555,1.0946232,0.0547325307085284,2.9051088,0.30349331474376834
556,1.0929600000000002,0.05472619275995731,2.9051196,0.3033698772327932
557,1.0908634,0.05405917515315975,2.904604,0.30353365038558733
558,1.089043,0.05427975095005499,2.904376,0.3039170819174204
559,1.0870584,0.05407155377682426,2.9041110000000003,0.3040675371722539
560,1.0852436,0.05420028640736137,2.9037016,0.30429771806282085
561,1.0832411999999998,0.05401935328898339,2.903383,0.30488399852927667
562,1.0815662,0.05392264175427609,2.9025036,0.30444711783467426
563,1.0800437999999999,0.05387220905216341,2.902353,0.3047751550175966
564,1.0781364,0.05369199568874302,2.9019972000000003,0.304380557163167
565,1.0759682000000002,0.05389028137762879,2.9008574000000005,0.3042756471021629
566,1.0739215999999998,0.05395331429893812,2.9005652,0.3043679814943746
567,1.071681,0.05399758190511866,2.8998112,0.30448947000472787
568,1.0703152,0.05446619719936394,2.899545,0.3040395092516761
569,1.068737,0.05421819798923605,2.8991594,0.30385565505917445
570,1.067065,0.054423582803780936,2.8987562000000002,0.3036034046649675
571,1.0653948,0.05438381556823685,2.8985224,0.30385400423071607
572,1.063868,0.05420982734892265,2.8984614,0.30379929773888553
573,1.0622332,0.05415925758501495,2.8983114,0.3039999210490687
574,1.0608597999999998,0.053988345977257,2.8976496,0.3044980749197604
575,1.0592061999999998,0.05409044860009946,2.8970972,0.30491051149568466
576,1.0573759999999999,0.05447704987240037,2.8968574,0.3049757962124863
577,1.0557332000000001,0.05412497107029248,2.8963723999999997,0.30471162026059995
578,1.0542535999999998,0.05422435858394269,2.8958284,0.3048028599922252
579,1.0525082,0.0541561672772363,2.8949926000000006,0.30455735226626857
580,1.0510426000000002,0.05415634662197958,2.8945366000000003,0.3046371887170704
581,1.0497002,0.054055682940464256,2.8941694,0.3041287841264619
582,1.0481500000000001,0.05432194266408375,2.894209,0.3043598030995552
583,1.0465300000000002,0.05438127294574851,2.8937394,0.3043607399107842
584,1.044705,0.054296558410271235,2.8934588000000003,0.3042480653646954
585,1.0430161999999998,0.05443013392009986,2.8930216,0.30361764678331854
586,1.0414080000000001,0.054380111088522025,2.8928642,0.3039004724816334
587,1.0396284,0.05391199445244071,2.8923346,0.303952325331852
588,1.0381636,0.054028715285855164,2.8918382,0.3040302543408468
589,1.0368092,0.05393616608325069,2.8913688,0.30387581685576753
590,1.0350896,0.05374749441080949,2.8913851999999998,0.30437928952634086
591,1.0336963999999997,0.05368506207726689,2.8910367999999997,0.304554996308647
592,1.032273,0.05345113004231058,2.890733,0.30456016452976914
593,1.0307362,0.053313056604925635,2.8905134,0.3040823846661295
594,1.0290336,0.05313109277852287,2.8901068,0.30399274731045817
595,1.0276307999999998,0.05284936520867589,2.8894286,0.30388676275586596
596,1.0259616,0.0527997768805892,2.8895218,0.302998183664787
597,1.0244426,0.05268381126911756,2.8889433999999996,0.3029168385538183
598,1.023395,0.05268291962676329,2.8889564,0.3024789505010886
599,1.0219982,0.0526152009457343,2.8887386,0.30202156664754914
600,1.0207814,0.052250819934619205,2.8885351999999997,0.30250033558949996
601,1.0195904,0.05238784629510934,2.8878528,0.301842116453884
602,1.0177859999999999,0.052545286289066837,2.8867292,0.30174873001780816
603,1.0162316,0.05266843662232629,2.8868326,0.30221466197496105
604,1.0146032000000003,0.052858756664908434,2.8864732,0.3021789437240126
605,1.0134384,0.0528342738214504,2.8861826,0.3022526156661676
606,1.0122012,0.05327495798740716,2.8855656,0.30185829495549726
607,1.010666,0.053287485239969776,2.8850328,0.3018784240116542
608,1.00906,0.05356699036906961,2.8852843999999997,0.301211159984221
609,1.0071210000000002,0.053385450650903006,2.8853210000000002,0.30075361900731973
610,1.0057759999999998,0.0533264471646105,2.8856767999999997,0.3004120064087986
611,1.0044976,0.05315009861740619,2.8850837999999994,0.30051952254347797
612,1.0027477999999999,0.052923549519660926,2.8854442,0.30042643694016014
613,1.0015858,0.053058207080149244,2.8850673999999996,0.3000853760446184
614,1.0001600000000002,0.05316238262154924,2.8848566,0.299839826251684
615,0.9986488,0.05317151150531641,2.8847894000000003,0.2994806664234605
616,0.997368,0.053217651105624736,2.8844398,0.29939606088751397
617,0.9961748,0.0532586541452185,2.8839986,0.2992506432030514
618,0.9946969999999998,0.053314361783669516,2.8837927999999997,0.2993523834796709
619,0.9930436,0.05351788402244616,2.8838579999999996,0.2988184173353443
620,0.9915886,0.05391080249300694,2.8836345999999997,0.2987338694213297
621,0.9900705999999999,0.05367764314721728,2.8833566,0.2990194177966375
622,0.988793,0.05363651628135443,2.8831016,0.299085907391572
623,0.9873304,0.053565695278228236,2.8828028000000003,0.2998302144036856
624,0.9861466,0.05359624177719924,2.8826085999999997,0.30017681409236113
625,0.9849608,0.05406426347005938,2.8818995999999997,0.3004219423481581
626,0.9835583999999999,0.0540465601443792,2.8815544,0.3001191998900436
627,0.9822186,0.05422970158354183,2.8820086,0.2992021269480551
628,0.9810932000000001,0.054070235702833785,2.8820044,0.29930935566106187
629,0.9798764,0.054339436701533794,2.8820540000000006,0.299180586330731
630,0.9788756,0.054390305160386794,2.8814076,0.2993306127489136
631,0.9777838000000001,0.05446077791365084,2.8814599999999997,0.29905854391205744
632,0.9766308,0.054386292381077055,2.881082,0.29891589615475467
633,0.9754236000000001,0.054562971937386275,2.8810306,0.29862392835444374
634,0.9740873999999999,0.05477952416952888,2.8801572,0.29841051463874396
635,0.9727602000000001,0.054754905516857605,2.8798920000000003,0.298521307187946
636,0.9715976,0.05462945733429901,2.8798552,0.29946000939117057
637,0.9706265999999999,0.05471503171012513,2.879315,0.2998938026842169
638,0.969644,0.0548016780728474,2.8788862,0.30008303169582917
639,0.9679318,0.05475036294820338,2.8788904000000004,0.3006123436937344
640,0.9668486,0.054461023738449826,2.8786452,0.3005142485223621
641,0.9654145999999999,0.054126368489304716,2.8782704,0.30057560255589605
642,0.9642734,0.054216840042923924,2.8776848,0.3006880930661538
643,0.9630352,0.05397160167495493,2.8775948,0.30033946187499233
644,0.9615092000000001,0.054248126597699245,2.8770848,0.30022369247972425
645,0.960361,0.054168366621119374,2.8766738,0.2998941601181323
646,0.9592392000000001,0.054246599072752956,2.876672,0.2999170046216121
647,0.9579203999999999,0.05409475961162963,2.8765169999999998,0.2996419569552969
648,0.9566906,0.05421079078043412,2.8764574,0.29969233210717955
649,0.9554514000000001,0.054330126013474325,2.8758236,0.2990714603218434
650,0.9542735999999999,0.05456954163120666,2.8756862000000005,0.2992363814715048
651,0.9533722000000001,0.054658227477297504,2.8756992,0.2988460104886127
652,0.952276,0.0547941060954552,2.8756046,0.29903109373882836
653,0.951286,0.054880325975708244,2.8749638000000006,0.29901831855750916
654,0.9499685999999998,0.055131007045400506,2.8752101999999997,0.29972283153700513
655,0.9491037999999999,0.0550431463141416,2.8749936,0.29958397044608376
656,0.947786,0.05502184867123244,2.8744336,0.2997518525511394
657,0.9464814,0.05476208947657132,2.8744296,0.29968543088218347
658,0.9451746,0.05499500723374809,2.8748818,0.2994842980173752
659,0.9438942000000001,0.05522490658172273,2.8746964,0.2993871049705381
660,0.9427878,0.05526819944018437,2.8745655999999995,0.2992494048425827
661,0.9415236,0.055053512515006724,2.8744115999999997,0.2989575523023963
662,0.9407186,0.0551258661414041,2.874217,0.2990523797591318
663,0.9392569999999999,0.05504464396106128,2.8738751999999996,0.2990182629903398
664,0.9383990000000001,0.05499064373145671,2.8733832,0.2990638993094286
665,0.9372272,0.05486378309741319,2.8733684000000004,0.298947098056228
666,0.9358353999999999,0.054807928410404265,2.8734148,0.2994736705417689
667,0.9345549999999999,0.05484607679314899,2.8736646,0.29963931684650463
668,0.9329796,0.05491572076409447,2.8736170000000003,0.3002483304859495
669,0.9318238000000001,0.0550059844831451,2.8735388000000004,0.3002762401905285
670,0.930885,0.05470463780338921,2.8734272,0.2999785603868383
671,0.9297244000000001,0.0545632965961552,2.8734054,0.30040430711466165
672,0.9284698,0.05484631234422239,2.8730216000000004,0.300196637591163
673,0.92734,0.05485154695721899,2.8733622,0.3000605584320605
674,0.9261457999999999,0.054965993102644835,2.8732045999999998,0.3005001459278181
675,0.9251362000000001,0.05499605406354166,2.8734651999999996,0.30020246546316043
676,0.9241472,0.05477891891740837,2.8733435999999997,0.3002319904551146
677,0.923192,0.054833523052964586,2.8734718,0.3000681157146824
678,0.9224094,0.05463675975238649,2.8736732000000003,0.30075975659745435
679,0.9214312,0.05456866609108199,2.8737001999999996,0.30074877324996685
680,0.9204100000000001,0.0546047370838831,2.8732842,0.30050016759755727
681,0.9191100000000001,0.0546516532997859,2.8734661999999997,0.3010724635375344
682,0.9178843999999999,0.05457752089129737,2.8735208,0.3009374168981983
683,0.916873,0.054447867998664565,2.8729682,0.3013442937567592
684,0.915629,0.05425703800245644,2.8729478,0.3015188204072177
685,0.9143699999999999,0.05432021624772859,2.8731854,0.3020466127481651
686,0.9132314000000001,0.05457644213248056,2.8726323999999996,0.30220722000217
687,0.912017,0.05434285427542428,2.8727302,0.3015429137435665
688,0.910909,0.05440637160480379,2.872451,0.30131921285905416
689,0.9099358000000001,0.05456680689356855,2.872229,0.30139333215716624
690,0.9086546,0.05461746368919011,2.8721080000000003,0.3010818974252687
691,0.9077458,0.05449257742628809,2.8721288,0.3014974714311216
692,0.9067128,0.054329924091240905,2.8725048,0.30143155681607064
693,0.9055742,0.05404485653750964,2.872338,0.30149342570875415
694,0.9044953999999998,0.053936464561926925,2.8723098,0.3020331155389422
695,0.9035987999999999,0.05396345576925187,2.8716942000000003,0.30216607303560744
696,0.9022764000000001,0.05361328354652417,2.8712115999999996,0.30157029978802613
697,0.9013468,0.05345893202973662,2.8711032,0.30162978205701113
698,0.9005258000000002,0.05365486514529696,2.8706688,0.3016549340669898
699,0.8995472,0.05357867945517132,2.8705711999999997,0.30233652136610956
700,0.8986381999999999,0.053523054604161006,2.8706214,0.30274229328430474
701,0.8976532,0.05355308971628061,2.8711189999999998,0.30278296165867713
702,0.8966331999999999,0.05363604089565149,2.871263,0.3025211359280539
703,0.8957650000000001,0.053779729943539134,2.8711064,0.302336612616203
704,0.8947078000000002,0.05370028382569314,2.8704788,0.3026018471836549
705,0.8933892,0.053613129889608216,2.870318,0.30283828786796424
706,0.892207,0.05381930584836633,2.8706344,0.3034462256668221
707,0.8911301999999999,0.05401098870933582,2.870577,0.30348706273777143
708,0.8900344,0.05399507532210692,2.8703846,0.3037553127124528
709,0.8889578,0.053832027635599994,2.8701884000000004,0.3036003391648962
710,0.8876647999999999,0.053479095883905876,2.8699386000000002,0.30368913051645424
711,0.8866934000000001,0.05339575954174639,2.8703,0.30401438831279026
712,0.886065,0.05342943937568501,2.8701397999999996,0.30446159688367924
713,0.8852686000000001,0.05334924021052223,2.8700748,0.3048585753646434
714,0.8843160000000001,0.053352794670944836,2.8698197999999997,0.30492578936875764
715,0.8830308,0.05325945255219961,2.8692352,0.30473434638215635
716,0.8822279999999999,0.05313379392439428,2.8689896,0.30498448459854477
717,0.8812952,0.053107696837275856,2.8689444,0.3047577509357883
718,0.8802758,0.053406195080346254,2.8684472,0.30459277253106315
719,0.8795038000000002,0.05342620538424939,2.8684702,0.3048550102369322
720,0.8788116,0.053490056349194466,2.8682856,0.30460705286555656
721,0.8779572,0.05358395518585763,2.8680714000000003,0.30514218978017454
722,0.8768703999999999,0.05403976956501571,2.8676459999999997,0.305201609430881
723,0.8757335999999999,0.054270939116989644,2.8675862000000003,0.3055027459983952
724,0.8747438000000001,0.05427802252624906,2.867658,0.30573401047053955
725,0.873855,0.05440202970845849,2.8674641999999997,0.3067248977004639
726,0.872959,0.05460999319538502,2.8672622,0.3066002794684963
727,0.8719398,0.054663585368689455,2.8669768000000007,0.3068019861750571
728,0.8712582,0.05483927998943824,2.8670544000000002,0.3067867351367069
729,0.8703752000000001,0.05504051870540469,2.866671,0.30653980628557853
730,0.8693442000000001,0.054855446013682176,2.8666204000000004,0.3074589995317099
731,0.8686260000000001,0.054795127465861404,2.8661592,0.3077802493516437
732,0.8674915999999999,0.054398791025536596,2.8662712000000004,0.30809416123217903
733,0.8659342000000001,0.0540511965136758,2.8658242,0.3079848663966461
734,0.8649102000000001,0.05402901740509448,2.8656446000000004,0.30838388013422496
735,0.8639509999999999,0.05398759260422712,2.8656506000000004,0.30833304889914087
736,0.8630682000000001,0.05406252403800622,2.8652952,0.3083901692715901
737,0.8624921999999999,0.05397925045200241,2.8653572000000005,0.3083107587771792
738,0.8616116,0.05404426608475685,2.8650168000000003,0.3083370841591391
739,0.86033,0.053883060391926536,2.8652864,0.30883376931391426
740,0.8593806,0.05383081403285671,2.8650778000000003,0.3092606982727679
741,0.8584218,0.053781539503439314,2.864425,0.3098919775973557
742,0.8575452,0.05371091447890269,2.864279,0.31009752314457467
743,0.8567306,0.05387510638727316,2.863935,0.31022118514956387
744,0.8560811999999999,0.05376935011844574,2.8634064,0.31019883192081815
745,0.8552285999999999,0.05386622608128402,2.8634320000000004,0.3107152029283409
746,0.8542778,0.05367373297768657,2.8632476,0.31121707113627295
747,0.8534877999999999,0.05382337487523428,2.8629262000000004,0.3111648642217821
748,0.8527533999999999,0.0538602982635633,2.8622406,0.31135396987904296
749,0.8518454,0.05394418661394385,2.8623819999999993,0.3113138933950749
750,0.8510106000000001,0.053730334402830614,2.862268,0.3116340803942984
751,0.8503095999999999,0.05368019222618341,2.8620176000000006,0.311461118160582
752,0.8494492000000001,0.05383084608437806,2.8622009999999998,0.3114208758577369
753,0.8486854000000001,0.05387336960168726,2.8626932,0.3115687560301258
754,0.8478733999999999,0.05399819668322265,2.8623634,0.31175027187452453
755,0.8470128000000001,0.05405646960873416,2.8622921999999997,0.3116641358997856
756,0.8459559999999999,0.05391573245723365,2.8623742,0.3110965337025793
757,0.8453758,0.05385687478641884,2.8620448,0.3111494977282785
758,0.8447574000000001,0.05383649159297066,2.861833,0.3112741212487796
759,0.8439842000000001,0.05389108104464039,2.861783,0.311687258750819
760,0.8430797999999999,0.05400850501689526,2.8614508,0.31189328589977694
761,0.8423320000000001,0.0539053813343343,2.8617491999999998,0.31198724034383196
762,0.8413202,0.05372153741805983,2.8616811999999996,0.31229020635966154
763,0.8405138000000001,0.05386728458127437,2.861301,0.3118736640487618
764,0.8398108000000001,0.0538694147634815,2.8609968,0.31210032242751684
765,0.8389936,0.053806467591173454,2.8609022,0.3123460292575529
766,0.8382918,0.05379459621337444,2.8608331999999996,0.3119896115632057
767,0.8376568000000001,0.05388804963403295,2.8609564,0.31183723202375957
768,0.8368316,0.05384214150867329,2.8617268,0.3113639975638802
769,0.8362132000000001,0.05387571594846794,2.8616122,0.3112404479815565
770,0.835161,0.053844586661984876,2.8616729999999997,0.3118795494468977
771,0.8345330000000001,0.0539745297672893,2.8619702,0.31227762547220694
772,0.8338388,0.05392974625343608,2.8616484,0.31246993892891517
773,0.8329184,0.05374225065849031,2.861835,0.31283297239261715
774,0.8319036000000001,0.053929425535972464,2.8619944,0.3131232606183066
775,0.8311164,0.05374530525580817,2.8615898,0.3129820750371498
776,0.8302574,0.05374948441278295,2.8615239999999997,0.3127197639177927
777,0.8294331999999999,0.053562586421493856,2.8613376,0.31279787344072535
778,0.8285027999999999,0.0538013186656238,2.8614097999999997,0.3126408690663458
779,0.8277158,0.053737331074030836,2.8610042,0.31284133726309243
780,0.8267928000000001,0.05339211857343743,2.8608052,0.3130670299034377
781,0.825854,0.05332200989460168,2.8613495999999996,0.3131898239014799
782,0.8250166,0.05307134128924951,2.8612721999999997,0.3133735593143749
783,0.824239,0.05278442701024611,2.8613212,0.313433102572399
784,0.8235469999999999,0.05270020513053058,2.8612518,0.31359239480663437
785,0.8228595999999999,0.052722501892835075,2.8609824,0.31334676049616345
786,0.8221082,0.05254563707254867,2.8608184000000003,0.3135111199811578
787,0.8209173999999999,0.05227208082561855,2.860995,0.3135551007634862
788,0.8200139999999999,0.05209772485243476,2.8607006,0.3136255632799087
789,0.8191098,0.051949361826301596,2.8610214,0.3135464381546058
790,0.8181377999999999,0.051889752134308756,2.8611018,0.31388534321398304
791,0.8173406,0.05211743308183931,2.8606846,0.3141134954302982
792,0.8168371999999999,0.05210488795266716,2.8604614,0.3137402021868412
793,0.8160152,0.052158627667529774,2.8607906,0.31448262898265145
794,0.8153400000000002,0.05209657410617324,2.8605266,0.31437353537001167
795,0.8144414000000001,0.05207892161172311,2.8605098,0.31438888821928807
796,0.8137527999999999,0.05200697045358443,2.8606914,0.31427848553574267
797,0.8132194,0.052171766225037865,2.8607494000000004,0.3141949820761625
798,0.812495,0.05207433752627104,2.8605563999999997,0.3143640979358807
799,0.8119794,0.052137277997992955,2.8607942,0.3142554777434437
800,0.8111180000000001,0.05214126397777481,2.8604384000000005,0.314560529074199
801,0.8100312000000001,0.0521675716873998,2.8607056,0.314907888400783
802,0.8094788000000002,0.05213962659781905,2.8606228000000002,0.314841881301964
803,0.808759,0.052145957841428156,2.8604532000000003,0.3142735492970415
804,0.8078658000000001,0.0522264364298389,2.8601715999999997,0.31420196327623423
805,0.8070644,0.05234225014116224,2.8602275999999995,0.31434830306944556
806,0.8063262,0.05247306573624225,2.8601578,0.3148657942167742
807,0.8055204,0.052211603256747445,2.8601256,0.3144627065129346
808,0.8049748000000001,0.05228109875432992,2.8597712,0.3143272112276632
809,0.8041579999999999,0.052241719546737744,2.8594136,0.3142423794459302
810,0.8033315999999999,0.052101080762686706,2.8592924,0.3142236411205242
811,0.8025920000000001,0.05203411298369561,2.8596056,0.31406426601929743
812,0.8017606,0.05187099442887132,2.8600647999999995,0.3145108382154102
813,0.8008027999999999,0.05176219872223359,2.8600458,0.3145548243860838
814,0.8001784000000001,0.05171119204814369,2.8598416,0.31475396105440834
815,0.7995852,0.05174940187248543,2.8595164,0.31487835708069883
816,0.7989282,0.051554245506650546,2.8591197999999998,0.3152530190849248
817,0.7982794,0.051671533445795885,2.8589644000000005,0.31552544438165364
818,0.7974243999999999,0.05158520447802838,2.8590652,0.3160049202771375
819,0.7968864,0.051508690088566615,2.8588188000000003,0.3161731968598223
820,0.7962186,0.05160834488181151,2.8586624000000005,0.31624210776530065
821,0.7955706,0.05155569825576995,2.8586616000000005,0.316499070588588
822,0.794801,0.05155418031159062,2.858819,0.3165075605750991
823,0.7941722,0.051415249657664794,2.8589482000000004,0.31642429716278114
824,0.7935270000000001,0.051311370802191614,2.8587152,0.3167704330681132
825,0.7927866000000001,0.05117443032843648,2.8585755999999996,0.31682203067753983
826,0.7920780000000001,0.05123304640171224,2.8587182,0.31673625698956526
827,0.7912952,0.051236905786356764,2.8591166,0.316945363300743
828,0.7905966,0.05118009647743936,2.8591672,0.31728842502265975
829,0.7899716,0.05119549504634175,2.8588632,0.3172372312774149
830,0.7893282,0.05123223132130785,2.858696,0.31733757882671243
831,0.7882863999999999,0.05124684323780342,2.8589344,0.3176512693464958
832,0.7874326,0.05128504553805134,2.859187,0.3175450484262037
833,0.7865482,0.051480696080764096,2.8593263999999996,0.3176754507937935
834,0.7860807999999999,0.051568133502774734,2.8587870000000004,0.31761020632781944
835,0.785437,0.05144719960114446,2.8584866,0.3178020082212195
836,0.7846412,0.05151937814997383,2.858528,0.31800557982777594
837,0.7839096,0.051439057777529315,2.8587216,0.3181346572862505
838,0.7831544,0.05160340410321784,2.8588358,0.31825509330246404
839,0.7825556,0.05160139889421601,2.858468,0.3180309080576918
840,0.7818716,0.05158688036545725,2.8584692,0.3181194062093037
841,0.7813364,0.051666263199887034,2.8583392,0.3180288281067615
842,0.780576,0.05174838439217209,2.8588004,0.3182450054028185
843,0.7798414,0.05192401122640663,2.8587934,0.318102384261797
844,0.7791838,0.0518798588101394,2.8586866,0.31776292302507536
845,0.7786806000000001,0.052037271045280595,2.8583946,0.31781659127779965
846,0.7778012000000001,0.05203815030686619,2.8579192,0.3177121395158832
847,0.7771269999999999,0.05204410536074184,2.8580688,0.31778039291208643
848,0.7766744,0.051968218355452574,2.8579854000000005,0.31769779109877366
849,0.7760068,0.051854778400452176,2.8579508000000002,0.3174794671019844
850,0.7755188000000001,0.051709482362135475,2.8576507999999996,0.3176772586304535
851,0.774723,0.05175870729838603,2.8574708,0.31812682360806993
852,0.7739971999999999,0.051694861835195956,2.8575496,0.31826097395602887
853,0.7730713999999999,0.05158891864577118,2.8575516,0.31806436187073833
854,0.7721544,0.051489052524201696,2.8573342,0.318124616894952
855,0.7715067999999999,0.051682211304858096,2.8573315999999997,0.318289827767461
856,0.7709045999999999,0.05152848950473906,2.8571396000000004,0.3182992851129892
857,0.7703398,0.05155561319352142,2.8573665999999998,0.3186264446486512
858,0.7697868000000001,0.05147009066788206,2.8575504,0.3186773659038871
859,0.7691427999999999,0.05150253930594101,2.8577852,0.31902270116679776
860,0.7685612,0.051478202188499196,2.8576798,0.31917590505512794
861,0.767862,0.051405249171655606,2.8578978000000004,0.3191440639293797
862,0.7670589999999999,0.05145505522298075,2.8576500000000005,0.3185875566025766
863,0.7663579999999999,0.05139854357858791,2.8574738,0.3182575968761154
864,0.7657744,0.05159526614176924,2.8574734,0.31813026793601384
865,0.7650520000000001,0.051642862267693886,2.8575082000000003,0.3180835559568586
866,0.7645,0.0515875592211921,2.8573847999999997,0.31821063892296253
867,0.7636236,0.05138104124519083,2.857803,0.31845246508639247
868,0.7630018000000001,0.05140919675077604,2.8576406,0.3186667482500175
869,0.7623010000000001,0.051494571127449935,2.8577413999999997,0.3186990309414825
870,0.7616464000000001,0.05133820643770097,2.8573525999999996,0.3189311533360139
871,0.7611098000000001,0.051286333225918954,2.8571535999999997,0.31903154532277844
872,0.7606792,0.051274386507885225,2.8570394,0.3191468389895786
873,0.7600612,0.05131704743805903,2.8571357999999996,0.31941122688308876
874,0.7595788,0.05136840489795258,2.8569381999999997,0.31941273617650257
875,0.7588586,0.05141526295410732,2.8568544000000005,0.3193241933612924
876,0.758071,0.05133490559064076,2.8569590000000002,0.3191252715940873
877,0.7574638,0.05109258843080864,2.856488,0.3193306244637368
878,0.756648,0.051127283041444704,2.8564242,0.3192321504857555
879,0.7560866,0.051189060982205936,2.8561814,0.31924784223208136
880,0.7552476,0.05113696526623378,2.8562085999999995,0.31911438713953333
881,0.7547162000000001,0.051204692075629166,2.8562076000000003,0.3192147068495435
882,0.7540508,0.051166121695512545,2.8563449999999997,0.31944862132555846
883,0.753355,0.05116832729726466,2.8562038000000003,0.3197535818754186
884,0.7528196,0.05121052597894303,2.8562157999999997,0.31983330886472716
885,0.7522082,0.0511566432495331,2.8563014,0.32021142435747035
886,0.751652,0.05123951412728268,2.855906,0.3201242516998673
